user_id,first_name,last_name,email,password
1,Jorge,Garcia,ltoms0@arstechnica.com,P@ssw0rd1!
2,Robert,Garcia,rmcauliffe1@ed.gov,P@ssw0rd1!
3,Sora,Johnson,dhogben2@live.com,P@ssw0rd1!
4,Sarah,Lee,clightwood3@privacy.gov.au,MyP@ssword!
5,Sora,Watanabe,wpenylton4@ed.gov,S3cur3P@ss!
6,Juan,Brown,dmeffan5@ow.ly,P@ssword!
7,Olivia,Lee,pchillingsworth6@parallels.com,S3cur3P@ss!
8,Megan,Rodriguez,bschinetti7@themeforest.net,P@ssword123
9,Hannah,Jones,omartinetto8@zdnet.com,MyP@ssword!
10,Jorge,Watanabe,gloffill9@google.com.br,S3cur3P@ss!
11,Harry,Kim,smewitta@google.nl,P@ssw0rd1!
12,Aoi,Lopez,zcouserb@meetup.com,MyP@ssword!
13,Sakura,Watanabe,thaackerc@blogspot.com,P@ssword123
14,David,Jones,lmaffiolettid@rakuten.co.jp,P@ssword!
15,Hina,Kim,gcoulsene@ft.com,P@ssw0rd1!
16,Juan,Lee,etelegaf@blogtalkradio.com,P@ssword123
17,Juan,Choi,krubkeg@java.com,S3cur3P@ss!
18,Olivia,Kim,rbradmanh@slideshare.net,P@ssword!
19,Abigail,Lee,olammertzi@altervista.org,S3cur3P@ss!
20,Ashley,Kim,hfriftj@google.com.hk,P@ssword123
21,Oliver,Kim,fmarick@deliciousdays.com,P@ssword123
22,Haruka,Kim,achallinl@xing.com,P@ssword123
23,Sakura,Brown,jyurkovm@hatena.ne.jp,P@ssword!
24,William,Choi,mmorrown@ning.com,MyP@ssword!
25,Yui,Choi,hbalderstono@ca.gov,P@ssword!
26,Isabella,Garcia,gculrossp@blogtalkradio.com,P@ssword123
27,Sung-Min,Brown,okobpacq@linkedin.com,S3cur3P@ss!
28,Chloe,Lee,aleprovestr@godaddy.com,P@ssword123
29,Ji-Yeon,Kim,sliccardos@bluehost.com,P@ssword123
30,John,Suzuki,rfawcknert@163.com,S3cur3P@ss!
31,Oliver,Yamamoto,lskiggsu@hc360.com,P@ssword!
32,Jessica,Tanaka,cmenelawsv@reddit.com,MyP@ssword!
33,Megan,Park,rdessentw@tiny.cc,P@ssword123
34,Isabella,Williams,cweildx@reddit.com,P@ssword123
35,William,Yamamoto,skubalay@archive.org,MyP@ssword!
36,Jessica,Choi,bbroadisz@twitpic.com,P@ssword!
37,Thomas,Lee,hmumm10@spotify.com,MyP@ssword!
38,Robert,Brown,cventon11@weebly.com,P@ssword123
39,Lauren,Park,mbauman12@cdbaby.com,S3cur3P@ss!
40,Ji-Soo,Yamamoto,sburbury13@canalblog.com,P@ssword!
41,Aoi,Watanabe,zboyles14@tmall.com,P@ssword123
42,Ji-Yeon,Garcia,kdebruyne15@e-recht24.de,S3cur3P@ss!
43,Fernanda,Martinez,bbaterip16@phpbb.com,P@ssword123
44,Yuna,Lee,dmacfarlan17@canalblog.com,S3cur3P@ss!
45,Sarah,Martinez,mcarratt18@dion.ne.jp,P@ssword123
46,Sophie,Kim,fcolls19@nsw.gov.au,MyP@ssword!
47,Jorge,Lee,lrounsivall1a@theatlantic.com,S3cur3P@ss!
48,Carlos,Rodriguez,msoigne1b@deliciousdays.com,P@ssword!
49,Sophie,Kim,hbrecon1c@who.int,P@ssword!
50,Diego,Tanaka,afiddyment1d@miitbeian.gov.cn,P@ssword123
51,Jae-Won,Watanabe,groark1e@ehow.com,MyP@ssword!
52,Olivia,Brown,ohandmore1f@sakura.ne.jp,P@ssword123
53,Isabella,Lee,rhadcroft1g@yelp.com,S3cur3P@ss!
54,Yuna,Suzuki,mcristofanini1h@sourceforge.net,MyP@ssword!
55,Thomas,Brown,wcousens1i@istockphoto.com,MyP@ssword!
56,Hannah,Garcia,borfeur1j@ebay.co.uk,S3cur3P@ss!
57,Carlos,Johnson,tlaughlin1k@eepurl.com,P@ssword123
58,Hannah,Smith,lrockhall1l@yellowpages.com,P@ssword!
59,Yui,Park,sbrowning1m@aboutads.info,MyP@ssword!
60,Maria,Suzuki,pdreelan1n@gmpg.org,P@ssword123
61,Alejandro,Martinez,emcphater1o@zimbio.com,P@ssword123
62,David,Choi,kstode1p@ow.ly,P@ssword!
63,Yui,Hernandez,rtidey1q@harvard.edu,P@ssword123
64,Oliver,Tanaka,lbauldrey1r@phoca.cz,P@ssword!
65,John,Choi,bomullan1s@samsung.com,S3cur3P@ss!
66,Hannah,Smith,shofton1t@jigsy.com,S3cur3P@ss!
67,Ashley,Williams,wquade1u@thetimes.co.uk,MyP@ssword!
68,Yui,Lopez,pgurwood1v@fastcompany.com,P@ssw0rd1!
69,Yui,Lopez,danyon1w@twitpic.com,P@ssword123
70,Ethan,Kim,tfilipczak1x@dmoz.org,S3cur3P@ss!
71,Ji-Yeon,Lopez,oizhaky1y@ocn.ne.jp,P@ssword!
72,Harry,Lee,vchappelow1z@1und1.de,S3cur3P@ss!
73,Jessica,Smith,cerrington20@msu.edu,P@ssword!
74,Emily,Smith,rstower21@e-recht24.de,P@ssw0rd1!
75,Yuna,Kim,msibson22@mysql.com,P@ssw0rd1!
76,Yuna,Garcia,pkings23@slideshare.net,P@ssword123
77,Olivia,Tanaka,msneath24@stumbleupon.com,S3cur3P@ss!
78,John,Suzuki,glode25@biglobe.ne.jp,P@ssword123
79,Michael,Rodriguez,tcaulton26@newsvine.com,P@ssword123
80,Michael,Tanaka,rmelly27@yahoo.com,P@ssw0rd1!
81,Thomas,Lee,kskyme28@feedburner.com,S3cur3P@ss!
82,Megan,Kim,hambroise29@exblog.jp,P@ssword123
83,Jae-Hyun,Johnson,nrevie2a@senate.gov,P@ssword123
84,Yui,Kim,lblundel2b@pcworld.com,P@ssword123
85,Carlos,Suzuki,gmucci2c@mediafire.com,S3cur3P@ss!
86,Ji-Yeon,Rodriguez,mivoshin2d@wsj.com,P@ssword123
87,Michael,Martinez,lscandwright2e@google.nl,P@ssword!
88,Sakura,Yamamoto,btrusslove2f@about.me,P@ssword123
89,Sophie,Martinez,claviss2g@bbc.co.uk,P@ssword123
90,William,Kim,dklain2h@shop-pro.jp,P@ssw0rd1!
91,Thomas,Suzuki,ggrisdale2i@google.cn,MyP@ssword!
92,Fernanda,Martinez,ddocwra2j@uol.com.br,P@ssword123
93,David,Garcia,sizsak2k@tripadvisor.com,MyP@ssword!
94,James,Lopez,sjakubowicz2l@lulu.com,P@ssword!
95,Hannah,Rodriguez,rkohrding2m@liveinternet.ru,P@ssword!
96,Min-Jae,Williams,jeckford2n@blogs.com,P@ssword!
97,Ji-Yeon,Hernandez,pbramble2o@sina.com.cn,P@ssw0rd1!
98,David,Watanabe,lforder2p@netscape.com,P@ssword!
99,Ashley,Rodriguez,corteau2q@devhub.com,MyP@ssword!
100,Sophie,Johnson,acuming2r@reddit.com,P@ssw0rd1!
101,Ji-Yeon,Lopez,ihocking2s@tmall.com,P@ssword123
102,Olivia,Jones,wskellen2t@netscape.com,P@ssword123
103,Megan,Park,krottenbury2u@merriam-webster.com,P@ssw0rd1!
104,Ji-Hyun,Jones,fcrowne2v@unesco.org,P@ssword123
105,Hina,Jones,koloughran2w@sciencedaily.com,S3cur3P@ss!
106,Yui,Lee,adutt2x@jugem.jp,S3cur3P@ss!
107,Isabella,Kim,dmclelland2y@1688.com,P@ssword123
108,Grace,Hernandez,estudholme2z@salon.com,S3cur3P@ss!
109,Fernanda,Tanaka,trannie30@microsoft.com,P@ssword!
110,Madison,Williams,ftewelson31@tamu.edu,S3cur3P@ss!
111,Oliver,Lee,aboyington32@answers.com,S3cur3P@ss!
112,Isabella,Johnson,ihalfacree33@prlog.org,P@ssword!
113,Riko,Yamamoto,gfrere34@theglobeandmail.com,MyP@ssword!
114,Oliver,Brown,tcush35@spiegel.de,MyP@ssword!
115,Jessica,Lopez,wugolini36@whitehouse.gov,P@ssw0rd1!
116,Jae-Hyun,Watanabe,ficke37@cmu.edu,S3cur3P@ss!
117,Charlotte,Tanaka,hbuscher38@barnesandnoble.com,S3cur3P@ss!
118,Michael,Smith,cchudleigh39@wunderground.com,MyP@ssword!
119,Ji-Soo,Hernandez,adilawey3a@deliciousdays.com,MyP@ssword!
120,Riko,Jones,lhickford3b@biblegateway.com,P@ssw0rd1!
121,Sakura,Jones,mbattram3c@marketwatch.com,P@ssword!
122,Charlotte,Smith,tdowyer3d@weibo.com,MyP@ssword!
123,William,Smith,wrisom3e@npr.org,P@ssword!
124,David,Rodriguez,mamaya3f@cam.ac.uk,S3cur3P@ss!
125,Emily,Lopez,ccuniffe3g@scientificamerican.com,MyP@ssword!
126,Grace,Williams,tscade3h@mit.edu,MyP@ssword!
127,Isabella,Hernandez,ashuxsmith3i@mozilla.com,P@ssword!
128,William,Hernandez,ipaulsen3j@mac.com,MyP@ssword!
129,Lauren,Kim,gkender3k@pinterest.com,P@ssw0rd1!
130,Aoi,Rodriguez,twilliams3l@pbs.org,P@ssword!
131,Yuna,Johnson,prigg3m@plala.or.jp,P@ssword!
132,Yuna,Suzuki,sgirardengo3n@jalbum.net,S3cur3P@ss!
133,Hannah,Lee,ewilcox3o@slideshare.net,P@ssword123
134,Oliver,Smith,vvenmore3p@google.nl,P@ssword!
135,Ashley,Tanaka,ncrampsey3q@mlb.com,S3cur3P@ss!
136,Michael,Martinez,cpenkethman3r@a8.net,MyP@ssword!
137,Fernanda,Watanabe,rcano3s@cpanel.net,P@ssword!
138,Madison,Jones,asherborn3t@youtu.be,P@ssword123
139,Michael,Smith,fwilfing3u@blogspot.com,S3cur3P@ss!
140,Harry,Kim,smarsham3v@netscape.com,MyP@ssword!
141,Sarah,Williams,mcramp3w@opera.com,P@ssw0rd1!
142,William,Park,gbamell3x@yellowbook.com,S3cur3P@ss!
143,Soo-Jin,Kim,wlicence3y@ed.gov,P@ssw0rd1!
144,Maria,Lopez,ccoddrington3z@jiathis.com,P@ssword123
145,Michael,Kim,cackenhead40@stanford.edu,P@ssword123
146,Lucy,Watanabe,fbruckman41@furl.net,P@ssw0rd1!
147,Yuna,Hernandez,thatton42@slashdot.org,P@ssw0rd1!
148,Alejandro,Park,crapley43@prweb.com,S3cur3P@ss!
149,Yuna,Kim,nwhissell44@wired.com,P@ssword!
150,Robert,Martinez,jsteeples45@yolasite.com,MyP@ssword!
151,Sofia,Park,codeson46@reddit.com,P@ssw0rd1!
152,Sakura,Martinez,cdowsey47@printfriendly.com,S3cur3P@ss!
153,Chloe,Lee,kosharkey48@archive.org,MyP@ssword!
154,Emily,Park,apietzker49@360.cn,P@ssw0rd1!
155,Maria,Tanaka,svercruysse4a@hhs.gov,P@ssword!
156,Oliver,Park,efroome4b@acquirethisname.com,S3cur3P@ss!
157,Mio,Rodriguez,trablan4c@scribd.com,S3cur3P@ss!
158,Ji-Soo,Yamamoto,rgotling4d@mapy.cz,MyP@ssword!
159,Emily,Garcia,gsacker4e@bbb.org,P@ssword123
160,Hannah,Yamamoto,cmoakes4f@sphinn.com,P@ssw0rd1!
161,Olivia,Lee,ggiacobilio4g@microsoft.com,P@ssword!
162,Juan,Suzuki,tblazi4h@webmd.com,P@ssw0rd1!
163,Michael,Yamamoto,epowdrill4i@dmoz.org,P@ssword123
164,Fernanda,Kim,jhaskey4j@biglobe.ne.jp,P@ssw0rd1!
165,Soo-Jin,Choi,sattfield4k@sakura.ne.jp,P@ssword!
166,Mio,Lee,sdorrins4l@globo.com,MyP@ssword!
167,Sophie,Suzuki,cwithringten4m@huffingtonpost.com,MyP@ssword!
168,Ashley,Williams,brings4n@yahoo.com,S3cur3P@ss!
169,Yuna,Johnson,opanketh4o@jalbum.net,P@ssword!
170,Emily,Lee,wberrycloth4p@weather.com,P@ssword!
171,James,Lee,nshane4q@mail.ru,S3cur3P@ss!
172,Jae-Won,Rodriguez,tbeaumont4r@oracle.com,MyP@ssword!
173,Jae-Hyun,Kim,tantonelli4s@elegantthemes.com,P@ssword123
174,Abigail,Lee,gcymper4t@webmd.com,P@ssword123
175,Megan,Smith,bcockrell4u@amazonaws.com,P@ssword123
176,Oliver,Johnson,jlapwood4v@diigo.com,P@ssword123
177,Hina,Garcia,bspellessy4w@huffingtonpost.com,P@ssw0rd1!
178,Diego,Watanabe,gbarabisch4x@hp.com,P@ssword123
179,Min-Jae,Suzuki,mbryns4y@umich.edu,P@ssw0rd1!
180,Jae-Hyun,Hernandez,gbentke4z@rambler.ru,P@ssword!
181,Daniel,Tanaka,arobertacci50@tumblr.com,P@ssword!
182,Haruka,Kim,snelle51@nhs.uk,MyP@ssword!
183,Maria,Kim,rbolsover52@yahoo.co.jp,P@ssword!
184,William,Choi,slere53@mapy.cz,P@ssw0rd1!
185,Carlos,Johnson,lmogey54@cisco.com,P@ssw0rd1!
186,Aoi,Kim,cshadbolt55@angelfire.com,P@ssw0rd1!
187,Oliver,Kim,abraikenridge56@seesaa.net,MyP@ssword!
188,Aoi,Lee,ablaxton57@youtu.be,S3cur3P@ss!
189,Yuna,Watanabe,oyockley58@toplist.cz,P@ssword123
190,James,Lee,nvedenichev59@unc.edu,P@ssword!
191,Isabella,Choi,hnewberry5a@plala.or.jp,P@ssw0rd1!
192,Hannah,Suzuki,fcazereau5b@utexas.edu,P@ssword123
193,Lucy,Lee,lbeincken5c@xinhuanet.com,P@ssword123
194,Riko,Park,mbonhan5d@dyndns.org,P@ssword!
195,Daniel,Lee,dpeasee5e@sfgate.com,MyP@ssword!
196,Soo-Jin,Suzuki,gscreen5f@miibeian.gov.cn,P@ssword!
197,Michael,Johnson,mbartkiewicz5g@ihg.com,S3cur3P@ss!
198,Michael,Yamamoto,msweeten5h@ox.ac.uk,P@ssword!
199,William,Watanabe,dvibert5i@lycos.com,S3cur3P@ss!
200,Harry,Kim,mdefty5j@businessweek.com,P@ssw0rd1!
201,Haruka,Lopez,ahefford5k@columbia.edu,S3cur3P@ss!
202,Sakura,Park,mmewes5l@merriam-webster.com,P@ssword123
203,Robert,Hernandez,dbrumhead5m@blogspot.com,S3cur3P@ss!
204,John,Lopez,ccisec5n@cmu.edu,P@ssw0rd1!
205,Alejandro,Garcia,tfowley5o@blog.com,MyP@ssword!
206,Sarah,Smith,rpay5p@ebay.com,MyP@ssword!
207,Charlie,Watanabe,cdunseath5q@etsy.com,S3cur3P@ss!
208,Soo-Jin,Lee,bseignior5r@unc.edu,P@ssword123
209,Alejandro,Tanaka,cbreakspear5s@pen.io,P@ssword123
210,Alejandro,Tanaka,cjasper5t@mayoclinic.com,MyP@ssword!
211,Yuna,Brown,rnibley5u@unblog.fr,P@ssw0rd1!
212,Yuna,Williams,dgardner5v@cpanel.net,S3cur3P@ss!
213,Sora,Yamamoto,helias5w@4shared.com,P@ssword123
214,John,Yamamoto,cllopis5x@freewebs.com,S3cur3P@ss!
215,Hina,Kim,crijkeseis5y@hugedomains.com,P@ssw0rd1!
216,Emily,Jones,mdanick5z@twitter.com,P@ssw0rd1!
217,Soo-Jin,Hernandez,eellingham60@canalblog.com,S3cur3P@ss!
218,Yui,Johnson,gvardie61@psu.edu,MyP@ssword!
219,Jae-Hyun,Williams,dcresswell62@ebay.com,P@ssword!
220,Jae-Hyun,Jones,jschroder63@phpbb.com,MyP@ssword!
221,Joseph,Williams,rmabee64@vimeo.com,P@ssword123
222,Hannah,Lee,tlewsey65@cocolog-nifty.com,P@ssword!
223,James,Lee,ragates66@geocities.jp,P@ssword!
224,Alejandro,Rodriguez,bmatczak67@illinois.edu,P@ssword!
225,Diego,Suzuki,lhaney68@wufoo.com,P@ssword123
226,Sarah,Johnson,dgarrow69@hatena.ne.jp,P@ssw0rd1!
227,James,Suzuki,cwitt6a@senate.gov,P@ssword123
228,Min-Jae,Garcia,gnoto6b@bing.com,P@ssw0rd1!
229,James,Kim,djohnys6c@cnbc.com,MyP@ssword!
230,Robert,Rodriguez,lstute6d@google.co.jp,P@ssword123
231,William,Jones,costick6e@mayoclinic.com,MyP@ssword!
232,Min-Jae,Kim,lchalkly6f@telegraph.co.uk,P@ssword!
233,Ashley,Yamamoto,adanher6g@fastcompany.com,P@ssword123
234,Ethan,Williams,fcamilleri6h@shareasale.com,P@ssword!
235,Joseph,Lee,ldesvignes6i@cdbaby.com,S3cur3P@ss!
236,Madison,Yamamoto,dlyfield6j@va.gov,S3cur3P@ss!
237,Thomas,Kim,kbuchett6k@alexa.com,P@ssword123
238,Chloe,Kim,efilippyev6l@blinklist.com,MyP@ssword!
239,Robert,Johnson,pprandini6m@printfriendly.com,P@ssword123
240,Michael,Rodriguez,llabrum6n@ning.com,P@ssword!
241,Riko,Garcia,hmatterson6o@sogou.com,S3cur3P@ss!
242,Ashley,Hernandez,rsarch6p@accuweather.com,P@ssword!
243,Ashley,Garcia,groft6q@imdb.com,P@ssword123
244,Ethan,Tanaka,dstranieri6r@miitbeian.gov.cn,P@ssword123
245,Sakura,Martinez,sbellocht6s@gnu.org,S3cur3P@ss!
246,Sophie,Lee,gbalma6t@google.co.uk,P@ssword123
247,Riko,Choi,jbutten6u@drupal.org,MyP@ssword!
248,Chloe,Rodriguez,epandya6v@reverbnation.com,P@ssword!
249,Hannah,Rodriguez,mderisly6w@intel.com,P@ssword!
250,Megan,Kim,tdeehan6x@google.ca,S3cur3P@ss!
251,Joseph,Brown,nrabbatts6y@wufoo.com,P@ssword123
252,Yuna,Park,jdugall6z@miitbeian.gov.cn,P@ssword123
253,Carlos,Choi,sabbatucci70@skype.com,P@ssword!
254,Abigail,Watanabe,jcarcass71@webeden.co.uk,P@ssword123
255,Amelia,Lee,slansbury72@timesonline.co.uk,P@ssword!
256,Charlotte,Garcia,rsieb73@va.gov,P@ssword123
257,Charlie,Williams,gmintram74@thetimes.co.uk,MyP@ssword!
258,Madison,Jones,iturri75@geocities.jp,P@ssword!
259,William,Kim,apaolillo76@delicious.com,MyP@ssword!
260,Sophie,Smith,obrill77@ca.gov,P@ssword!
261,Yui,Suzuki,batkirk78@behance.net,P@ssw0rd1!
262,Michael,Johnson,egiacobazzi79@marriott.com,P@ssword123
263,Haruka,Brown,dhammerson7a@wordpress.com,S3cur3P@ss!
264,Lauren,Lopez,pdodding7b@canalblog.com,P@ssw0rd1!
265,Oliver,Yamamoto,jkennealy7c@aboutads.info,S3cur3P@ss!
266,Sofia,Brown,jminnette7d@com.com,S3cur3P@ss!
267,Olivia,Rodriguez,lmouatt7e@vinaora.com,P@ssw0rd1!
268,James,Choi,ihuby7f@storify.com,P@ssword123
269,Robert,Jones,bhadland7g@xinhuanet.com,P@ssw0rd1!
270,Chloe,Choi,ehenrys7h@addtoany.com,P@ssword123
271,Fernanda,Williams,jgoody7i@telegraph.co.uk,MyP@ssword!
272,Jack,Garcia,wscarisbrick7j@nytimes.com,MyP@ssword!
273,Harry,Johnson,mbrandt7k@slideshare.net,S3cur3P@ss!
274,Ji-Yeon,Tanaka,jellwood7l@bbc.co.uk,P@ssword!
275,Jessica,Park,ipiddington7m@nifty.com,P@ssword123
276,Mariana,Park,jfalkinder7n@dailymotion.com,P@ssword!
277,Fernanda,Watanabe,swakes7o@squidoo.com,P@ssword!
278,Soo-Jin,Suzuki,cben7p@jugem.jp,P@ssword!
279,Mariana,Johnson,sflack7q@google.com.br,S3cur3P@ss!
280,Luis,Williams,jhalsworth7r@ihg.com,P@ssword!
281,Grace,Johnson,dhollingsbee7s@answers.com,S3cur3P@ss!
282,Haruka,Brown,jlucken7t@wikispaces.com,S3cur3P@ss!
283,Emily,Tanaka,chockell7u@newsvine.com,MyP@ssword!
284,Mariana,Kim,jcrookes7v@twitter.com,P@ssword123
285,Soo-Jin,Lee,gmcelvine7w@163.com,P@ssword123
286,Ji-Hyun,Kim,dcullin7x@digg.com,P@ssw0rd1!
287,Sakura,Watanabe,ubyass7y@google.ca,P@ssword!
288,Abigail,Rodriguez,mtollerton7z@theglobeandmail.com,P@ssw0rd1!
289,Oliver,Brown,amacveigh80@devhub.com,P@ssw0rd1!
290,Aoi,Choi,swithinshaw81@odnoklassniki.ru,P@ssword123
291,Lucy,Park,dshalcras82@usa.gov,P@ssword!
292,Riko,Jones,awiffield83@pinterest.com,P@ssw0rd1!
293,Robert,Jones,dmaccumiskey84@disqus.com,P@ssw0rd1!
294,Diego,Watanabe,rconiff85@addtoany.com,P@ssword123
295,Yuna,Lee,lgrigor86@amazon.com,P@ssw0rd1!
296,Daniel,Jones,llesser87@bloglines.com,P@ssw0rd1!
297,Fernanda,Kim,vchinnock88@yellowpages.com,P@ssword!
298,William,Kim,sshapero89@alexa.com,P@ssword123
299,Hina,Brown,agiamitti8a@canalblog.com,MyP@ssword!
300,Daniel,Lopez,wtreherne8b@google.pl,S3cur3P@ss!
301,Sung-Min,Yamamoto,nconring8c@washingtonpost.com,P@ssword123
302,Michael,Brown,cyesson8d@toplist.cz,S3cur3P@ss!
303,Hina,Lopez,soheagertie8e@discovery.com,P@ssword123
304,Jessica,Lee,dginnane8f@huffingtonpost.com,P@ssword123
305,James,Lee,ekasbye8g@quantcast.com,MyP@ssword!
306,William,Tanaka,jairds8h@t.co,P@ssw0rd1!
307,Min-Jae,Choi,feldrid8i@zimbio.com,S3cur3P@ss!
308,Thomas,Williams,salebrooke8j@shop-pro.jp,MyP@ssword!
309,Haruka,Martinez,jhamflett8k@scientificamerican.com,MyP@ssword!
310,Hina,Martinez,hlabram8l@reference.com,P@ssw0rd1!
311,Olivia,Tanaka,lkleimt8m@wp.com,MyP@ssword!
312,Luis,Williams,tchesterton8n@seattletimes.com,P@ssw0rd1!
313,Chloe,Kim,nmckay8o@desdev.cn,S3cur3P@ss!
314,Olivia,Garcia,tfrances8p@ucla.edu,MyP@ssword!
315,Diego,Park,sglencrosche8q@about.com,P@ssword!
316,Yui,Tanaka,mbuxey8r@virginia.edu,P@ssword123
317,William,Smith,nmardlin8s@fotki.com,MyP@ssword!
318,Hina,Martinez,mbrunger8t@ehow.com,P@ssw0rd1!
319,Emily,Smith,lgreen8u@blogtalkradio.com,MyP@ssword!
320,Emma,Choi,dbilverstone8v@disqus.com,P@ssword!
321,Ji-Hyun,Lee,mallbut8w@topsy.com,S3cur3P@ss!
322,Soo-Jin,Jones,tbode8x@uol.com.br,P@ssword!
323,Charlie,Lopez,ssellwood8y@biglobe.ne.jp,MyP@ssword!
324,Jae-Won,Lee,bsouthern8z@google.ru,S3cur3P@ss!
325,Aoi,Jones,phubbins90@chron.com,P@ssw0rd1!
326,Mio,Lee,xconaghy91@wikipedia.org,P@ssword!
327,Jae-Hyun,Kim,nwallis92@oakley.com,MyP@ssword!
328,Sofia,Lopez,twarren93@google.de,S3cur3P@ss!
329,Yui,Brown,rmomery94@macromedia.com,S3cur3P@ss!
330,Jack,Garcia,ealthrope95@slate.com,S3cur3P@ss!
331,Yui,Kim,efilan96@sitemeter.com,MyP@ssword!
332,Sophie,Johnson,jmaskelyne97@unc.edu,MyP@ssword!
333,Sophie,Williams,hatwell98@cocolog-nifty.com,P@ssword123
334,William,Brown,scowthard99@cam.ac.uk,P@ssword!
335,Grace,Suzuki,bneylon9a@toplist.cz,P@ssword123
336,Jessica,Smith,gholliar9b@photobucket.com,P@ssword123
337,Charlie,Williams,ealpine9c@comsenz.com,P@ssword123
338,Isabella,Lopez,dminshall9d@ft.com,S3cur3P@ss!
339,Maria,Lee,gmclarty9e@wired.com,P@ssw0rd1!
340,Soo-Jin,Kim,ghollindale9f@dailymail.co.uk,P@ssw0rd1!
341,Madison,Brown,ddriver9g@buzzfeed.com,P@ssword123
342,Ji-Soo,Jones,dyewdale9h@canalblog.com,P@ssword!
343,Harry,Tanaka,ezimmermanns9i@amazon.com,P@ssword123
344,Mio,Jones,mmundford9j@sohu.com,S3cur3P@ss!
345,Jae-Won,Lee,kdenty9k@cyberchimps.com,S3cur3P@ss!
346,Robert,Hernandez,rdoodney9l@pcworld.com,P@ssw0rd1!
347,Isabella,Brown,traubenheimer9m@indiegogo.com,S3cur3P@ss!
348,Alejandro,Lee,cgoldstone9n@linkedin.com,P@ssword!
349,Alejandro,Suzuki,fstalman9o@amazon.de,P@ssword!
350,Lauren,Hernandez,cfliege9p@independent.co.uk,MyP@ssword!
351,Min-Jae,Lopez,nprior9q@marriott.com,S3cur3P@ss!
352,James,Smith,egallo9r@gnu.org,MyP@ssword!
353,Sofia,Rodriguez,lbygate9s@eepurl.com,P@ssw0rd1!
354,Yuna,Park,pheale9t@ucoz.com,P@ssword!
355,Joseph,Williams,cshallo9u@issuu.com,P@ssword123
356,Hina,Kim,gelverston9v@boston.com,P@ssword!
357,David,Lopez,lbraime9w@huffingtonpost.com,MyP@ssword!
358,Aoi,Tanaka,cboydon9x@washington.edu,P@ssword!
359,Mariana,Hernandez,lferrers9y@weibo.com,S3cur3P@ss!
360,Jorge,Martinez,scrowhurst9z@uiuc.edu,P@ssword123
361,Yuna,Williams,ecorleya0@msn.com,P@ssw0rd1!
362,Emily,Williams,ltorna1@usatoday.com,P@ssword!
363,Emma,Johnson,sreocha2@fda.gov,P@ssword123
364,Hannah,Lee,ghardena3@paypal.com,P@ssword!
365,Sung-Min,Martinez,afarlanea4@sohu.com,P@ssword!
366,Sarah,Hernandez,pfetterplacea5@hibu.com,MyP@ssword!
367,Hannah,Kim,lcauthraa6@sphinn.com,P@ssword!
368,Jae-Won,Williams,bsawella7@photobucket.com,MyP@ssword!
369,Maria,Choi,ngalleara8@mapquest.com,MyP@ssword!
370,Oliver,Rodriguez,dsiddlea9@youtu.be,P@ssw0rd1!
371,Luis,Johnson,ahurichaa@de.vu,P@ssword!
372,Aoi,Jones,cnijsab@europa.eu,S3cur3P@ss!
373,Sophie,Kim,jjoseffac@miibeian.gov.cn,MyP@ssword!
374,Lauren,Rodriguez,bkastelad@delicious.com,P@ssword123
375,Yuna,Watanabe,zlegionae@sbwire.com,P@ssw0rd1!
376,Ji-Soo,Johnson,umuttockaf@phpbb.com,P@ssword123
377,Ji-Hyun,Yamamoto,scattemullag@patch.com,P@ssword123
378,Charlotte,Lee,tsegerah@auda.org.au,S3cur3P@ss!
379,Yuna,Kim,abrummellai@reddit.com,P@ssword!
380,Soo-Jin,Park,wscullionaj@unblog.fr,P@ssw0rd1!
381,William,Garcia,sleavensak@pcworld.com,S3cur3P@ss!
382,Hina,Garcia,sgoldal@google.co.uk,P@ssword!
383,James,Lee,sjoneyam@so-net.ne.jp,P@ssword123
384,Ethan,Park,iickoviczan@ca.gov,MyP@ssword!
385,Juan,Garcia,wdewintonao@google.pl,S3cur3P@ss!
386,Maria,Garcia,dminocchiap@mashable.com,P@ssw0rd1!
387,Joseph,Smith,amccoleaq@typepad.com,MyP@ssword!
388,Haruka,Williams,ebatsfordar@macromedia.com,P@ssword!
389,Mio,Kim,hdeackesas@posterous.com,P@ssword123
390,Daniel,Jones,enewportat@google.nl,S3cur3P@ss!
391,Mio,Rodriguez,aromainau@i2i.jp,P@ssword123
392,Juan,Hernandez,ksaurav@wikipedia.org,P@ssword!
393,Juan,Hernandez,avarleyaw@google.de,MyP@ssword!
394,Emily,Brown,owolfingerax@issuu.com,P@ssword!
395,Luis,Lee,mslowgraveay@theatlantic.com,MyP@ssword!
396,Charlie,Rodriguez,vlaviesaz@wired.com,MyP@ssword!
397,Maria,Watanabe,bkettleyb0@exblog.jp,P@ssword!
398,Harry,Rodriguez,cclemmittb1@scribd.com,P@ssword!
399,Emily,Johnson,csmealb2@usnews.com,P@ssw0rd1!
400,Jorge,Tanaka,bharkesb3@indiatimes.com,P@ssw0rd1!
401,Jae-Hyun,Kim,mtwiggeb4@dell.com,P@ssword123
402,Harry,Hernandez,ngerrietsb5@wsj.com,P@ssword!
403,Riko,Kim,wyakoboviczb6@flavors.me,MyP@ssword!
404,Ashley,Yamamoto,jolennikovb7@yellowbook.com,P@ssword!
405,Yui,Watanabe,bstruanb8@bloglovin.com,P@ssword!
406,Chloe,Jones,bperrynb9@spotify.com,P@ssword!
407,Sarah,Kim,jzannettiba@vinaora.com,P@ssword!
408,Yui,Garcia,blacrouxbb@netvibes.com,P@ssword!
409,Maria,Rodriguez,dlobliebc@slashdot.org,P@ssword!
410,Hannah,Smith,kmatysbd@printfriendly.com,MyP@ssword!
411,Oliver,Smith,aperilliobe@dailymail.co.uk,P@ssword123
412,Jorge,Rodriguez,smanionbf@irs.gov,S3cur3P@ss!
413,Megan,Kim,robeybg@lulu.com,S3cur3P@ss!
414,Jack,Brown,apeacockebh@statcounter.com,S3cur3P@ss!
415,John,Suzuki,ndawbi@dion.ne.jp,P@ssw0rd1!
416,Hina,Rodriguez,sbruhkebj@edublogs.org,S3cur3P@ss!
417,Hina,Hernandez,krosebybk@icio.us,P@ssw0rd1!
418,Emily,Kim,chaineybl@behance.net,P@ssword!
419,Mariana,Hernandez,sboshersbm@springer.com,S3cur3P@ss!
420,Jessica,Kim,jernibn@ibm.com,P@ssword!
421,Charlie,Kim,rgatchellbo@cnn.com,MyP@ssword!
422,Soo-Jin,Yamamoto,bpendlentonbp@webmd.com,S3cur3P@ss!
423,William,Kim,mfullebq@yahoo.com,P@ssw0rd1!
424,Yuna,Yamamoto,lrobertshawbr@opensource.org,S3cur3P@ss!
425,Emma,Choi,jgraftonbs@gnu.org,P@ssword!
426,Emily,Jones,fblydenbt@chicagotribune.com,MyP@ssword!
427,Daniel,Lee,nmaughanbu@ning.com,P@ssword!
428,Sofia,Park,mpaskbv@edublogs.org,S3cur3P@ss!
429,Ji-Soo,Choi,pkalinowskybw@kickstarter.com,S3cur3P@ss!
430,Jae-Hyun,Park,ccotterbx@statcounter.com,MyP@ssword!
431,Hannah,Lopez,frodmellby@cocolog-nifty.com,MyP@ssword!
432,Megan,Martinez,fbernhartbz@smugmug.com,MyP@ssword!
433,Jae-Won,Lopez,msedcolec0@vimeo.com,MyP@ssword!
434,Emily,Suzuki,aroncac1@opensource.org,P@ssword123
435,Michael,Smith,gderillc2@reference.com,S3cur3P@ss!
436,John,Kim,ekupkerc3@cmu.edu,P@ssword123
437,Isabella,Lee,jdaubenyc4@acquirethisname.com,P@ssword123
438,Mio,Park,bsutcliffc5@zdnet.com,MyP@ssword!
439,Jessica,Rodriguez,jferreirac6@theguardian.com,S3cur3P@ss!
440,Robert,Park,vmorriesonc7@salon.com,P@ssword!
441,Jessica,Garcia,awittenc8@goodreads.com,S3cur3P@ss!
442,Ethan,Lopez,hbetzc9@gizmodo.com,MyP@ssword!
443,William,Yamamoto,apirellica@amazon.co.uk,S3cur3P@ss!
444,William,Lopez,emontescb@phoca.cz,P@ssword123
445,Emily,Williams,jswadlingcc@gnu.org,P@ssword123
446,Chloe,Williams,ocellicd@cnet.com,P@ssword123
447,Emma,Suzuki,okleesce@gmpg.org,S3cur3P@ss!
448,William,Jones,tsampercf@histats.com,MyP@ssword!
449,Ji-Yeon,Brown,dthoringtoncg@t.co,P@ssword123
450,Michael,Kim,apidgeleych@bluehost.com,P@ssw0rd1!
451,Thomas,Lopez,rtreacyci@wunderground.com,P@ssword123
452,Yuna,Martinez,aferrolicj@epa.gov,P@ssw0rd1!
453,Jack,Park,yiacavoneck@wikia.com,P@ssw0rd1!
454,Sung-Min,Kim,kwapplingtoncl@nationalgeographic.com,P@ssword!
455,Megan,Brown,bhabbescm@tuttocitta.it,S3cur3P@ss!
456,Yuna,Watanabe,jbloomfieldcn@unblog.fr,S3cur3P@ss!
457,Charlotte,Martinez,jskuresco@free.fr,P@ssword!
458,Mio,Park,sgisburncp@columbia.edu,S3cur3P@ss!
459,Mio,Kim,gswanstoncq@bbb.org,P@ssword123
460,Olivia,Jones,cdunkcr@behance.net,S3cur3P@ss!
461,Maria,Smith,vsimounetcs@de.vu,P@ssword!
462,Sora,Hernandez,avalentinettict@woothemes.com,P@ssw0rd1!
463,Lucy,Choi,nerringtoncu@ucla.edu,P@ssword123
464,Soo-Jin,Lopez,jjakubowskycv@msn.com,P@ssword123
465,Thomas,Smith,medesoncw@hhs.gov,P@ssword123
466,Mariana,Martinez,owallagecx@nba.com,P@ssw0rd1!
467,Isabella,Watanabe,bhadcroftcy@macromedia.com,P@ssword!
468,Emily,Kim,wwarbeycz@linkedin.com,P@ssword!
469,Robert,Tanaka,rdavisond0@friendfeed.com,P@ssw0rd1!
470,Carlos,Lopez,sgronnod1@so-net.ne.jp,P@ssw0rd1!
471,Olivia,Lopez,cbellied2@sourceforge.net,MyP@ssword!
472,Mio,Watanabe,airnisd3@google.cn,P@ssword123
473,Alejandro,Tanaka,rchennellsd4@skype.com,MyP@ssword!
474,Robert,Watanabe,csawyersd5@discovery.com,P@ssword!
475,Amelia,Williams,pferraid6@thetimes.co.uk,P@ssword!
476,Jae-Won,Brown,rchessund7@github.io,S3cur3P@ss!
477,Jessica,Lee,rboykettd8@google.co.uk,S3cur3P@ss!
478,Ethan,Hernandez,aodeveyd9@behance.net,S3cur3P@ss!
479,Fernanda,Williams,arobbingsda@wisc.edu,P@ssword!
480,Haruka,Suzuki,rsmissendb@msn.com,P@ssword!
481,Jae-Won,Hernandez,smattisssendc@ibm.com,P@ssw0rd1!
482,Grace,Kim,drustichdd@cpanel.net,P@ssw0rd1!
483,Megan,Kim,arodrigode@vkontakte.ru,P@ssword123
484,Daniel,Kim,gslessardf@booking.com,MyP@ssword!
485,Riko,Yamamoto,gbielfeltdg@time.com,MyP@ssword!
486,Grace,Johnson,vcratherndh@mtv.com,P@ssw0rd1!
487,Ji-Soo,Williams,kantonettidi@nature.com,P@ssword!
488,Chloe,Johnson,kdeluciadj@t.co,MyP@ssword!
489,Yuna,Rodriguez,rantognettidk@time.com,P@ssword123
490,Thomas,Rodriguez,shoobandl@1und1.de,MyP@ssword!
491,Yuna,Smith,etoyedm@imageshack.us,P@ssword!
492,Michael,Martinez,igeikiedn@com.com,MyP@ssword!
493,Oliver,Smith,ebullardo@nationalgeographic.com,P@ssword!
494,Isabella,Hernandez,atedahldp@instagram.com,P@ssword!
495,Jessica,Yamamoto,aevertdq@angelfire.com,P@ssw0rd1!
496,Thomas,Brown,kdemorenodr@fotki.com,P@ssw0rd1!
497,Jae-Hyun,Tanaka,bsuddockds@list-manage.com,P@ssw0rd1!
498,Grace,Hernandez,gvearsdt@ca.gov,S3cur3P@ss!
499,David,Watanabe,hulyattdu@google.com.br,P@ssw0rd1!
500,William,Yamamoto,llatedv@arizona.edu,MyP@ssword!
501,Soo-Jin,Lopez,bcroslanddw@census.gov,MyP@ssword!
502,Isabella,Johnson,kwasmerdx@cocolog-nifty.com,P@ssword123
503,Riko,Hernandez,porrahdy@businessweek.com,P@ssword!
504,Sakura,Rodriguez,jcouldwelldz@ebay.co.uk,P@ssw0rd1!
505,Megan,Park,gposnettee0@pen.io,P@ssw0rd1!
506,Oliver,Garcia,jthirske1@boston.com,MyP@ssword!
507,Jessica,Rodriguez,ajeduche2@imgur.com,S3cur3P@ss!
508,Riko,Park,rdoweye3@soup.io,S3cur3P@ss!
509,Grace,Hernandez,tmicheaue4@so-net.ne.jp,MyP@ssword!
510,Ji-Soo,Watanabe,lhoulistone5@cyberchimps.com,P@ssw0rd1!
511,Min-Jae,Martinez,hrouffe6@vistaprint.com,P@ssword!
512,Jae-Won,Park,pmackowlee7@alibaba.com,P@ssw0rd1!
513,Diego,Garcia,dboddymeade8@blog.com,P@ssword!
514,Olivia,Lee,jspurlinge9@skyrock.com,MyP@ssword!
515,Mariana,Kim,mkettemanea@vk.com,P@ssword!
516,Jessica,Hernandez,nitscowicseb@apple.com,P@ssword123
517,Abigail,Kim,rdummerec@marketwatch.com,P@ssword123
518,Alejandro,Kim,rhanesed@noaa.gov,P@ssw0rd1!
519,Emily,Kim,oeslieee@nhs.uk,P@ssword!
520,Haruka,Hernandez,astockowef@devhub.com,MyP@ssword!
521,Sakura,Johnson,wwrideeg@gmpg.org,P@ssw0rd1!
522,Charlie,Lee,lhalheadeh@myspace.com,S3cur3P@ss!
523,Thomas,Choi,dquarryei@cnet.com,P@ssword!
524,Charlotte,Watanabe,plangridgeej@ibm.com,P@ssword123
525,Sakura,Park,wgillyettek@opensource.org,P@ssword123
526,Ethan,Smith,gcraykerel@unblog.fr,MyP@ssword!
527,Hina,Lee,tdrillingcourtem@pbs.org,MyP@ssword!
528,Thomas,Tanaka,cjellen@rediff.com,S3cur3P@ss!
529,Mio,Lee,hbowhayeo@eventbrite.com,S3cur3P@ss!
530,Jae-Won,Garcia,tditchettep@intel.com,MyP@ssword!
531,Juan,Watanabe,rbelfordeq@omniture.com,P@ssword123
532,Mio,Brown,ndettmarer@istockphoto.com,P@ssword123
533,William,Suzuki,nedmandses@friendfeed.com,MyP@ssword!
534,Megan,Watanabe,edickieet@vistaprint.com,MyP@ssword!
535,Sofia,Watanabe,aturneu@desdev.cn,S3cur3P@ss!
536,Alejandro,Yamamoto,gashburnerev@theguardian.com,P@ssw0rd1!
537,Min-Jae,Hernandez,bquodlingew@nyu.edu,P@ssword123
538,Ethan,Smith,sbartlesex@parallels.com,S3cur3P@ss!
539,Mio,Williams,cgowrichey@yale.edu,P@ssword!
540,Lucy,Kim,cmattausez@nymag.com,P@ssword123
541,Sarah,Johnson,qgavahanf0@paypal.com,MyP@ssword!
542,Soo-Jin,Johnson,mcloptonf1@ow.ly,P@ssword123
543,Aoi,Johnson,ghubf2@cargocollective.com,P@ssw0rd1!
544,Ji-Yeon,Park,jdarchf3@illinois.edu,MyP@ssword!
545,Hina,Brown,carensf4@furl.net,S3cur3P@ss!
546,Carlos,Lee,fmelmarf5@about.com,P@ssw0rd1!
547,Ji-Hyun,Hernandez,porrowf6@who.int,P@ssw0rd1!
548,Thomas,Lee,dsykoraf7@comcast.net,P@ssword123
549,Mio,Martinez,lgallierf8@pinterest.com,P@ssword!
550,William,Suzuki,vsnalhamf9@prweb.com,S3cur3P@ss!
551,Ji-Hyun,Park,vitzchakifa@infoseek.co.jp,P@ssword!
552,Sora,Johnson,dcosbyfb@blogger.com,MyP@ssword!
553,Mariana,Choi,lstanmorefc@nymag.com,P@ssword!
554,Diego,Hernandez,ldrueryfd@marketwatch.com,P@ssword123
555,Ashley,Williams,lstoodleyfe@over-blog.com,P@ssw0rd1!
556,Harry,Lopez,blinskeyff@scientificamerican.com,P@ssword123
557,Fernanda,Choi,aelloyfg@indiegogo.com,MyP@ssword!
558,Michael,Kim,cbickfh@pinterest.com,MyP@ssword!
559,Isabella,Rodriguez,wrobertfi@youku.com,S3cur3P@ss!
560,Yuna,Suzuki,sdaldanfj@so-net.ne.jp,P@ssword123
561,Amelia,Hernandez,ocoakerfk@wikia.com,P@ssword123
562,Mio,Lopez,flinnittfl@eepurl.com,MyP@ssword!
563,Michael,Park,dtretwellfm@merriam-webster.com,P@ssword123
564,Jae-Won,Williams,mhechlinfn@a8.net,P@ssword!
565,Ji-Hyun,Kim,obrazeltonfo@php.net,MyP@ssword!
566,Mio,Lee,cgoresfp@dailymotion.com,P@ssword!
567,Emily,Rodriguez,afairhamfq@a8.net,P@ssw0rd1!
568,Haruka,Yamamoto,mnannettifr@com.com,MyP@ssword!
569,Alejandro,Lee,clennardfs@privacy.gov.au,MyP@ssword!
570,Ji-Hyun,Williams,scrannft@bloomberg.com,S3cur3P@ss!
571,Ethan,Smith,akattenhornfu@mtv.com,P@ssw0rd1!
572,Sophie,Kim,ogorgenfv@microsoft.com,S3cur3P@ss!
573,Lucy,Williams,cyashinfw@about.me,MyP@ssword!
574,Riko,Suzuki,tcornfordfx@live.com,MyP@ssword!
575,Daniel,Brown,deddenfy@odnoklassniki.ru,S3cur3P@ss!
576,Megan,Rodriguez,jgethinsfz@alexa.com,P@ssword123
577,Thomas,Lopez,dreisensteing0@surveymonkey.com,P@ssword123
578,Sora,Rodriguez,cstatersfieldg1@rakuten.co.jp,P@ssword123
579,Harry,Lopez,hjahang2@sbwire.com,P@ssword123
580,Soo-Jin,Kim,jgainesg3@washingtonpost.com,P@ssword!
581,Mio,Choi,bfettisg4@ibm.com,P@ssw0rd1!
582,Harry,Kim,ggoulborng5@hud.gov,P@ssword123
583,Ethan,Lopez,klambag6@wikimedia.org,MyP@ssword!
584,Ji-Soo,Rodriguez,wtocknellg7@mayoclinic.com,P@ssw0rd1!
585,Carlos,Lopez,rreilingg8@pen.io,P@ssw0rd1!
586,David,Lee,gestableg9@opera.com,S3cur3P@ss!
587,Haruka,Smith,aohingertyga@gnu.org,P@ssw0rd1!
588,Joseph,Johnson,mrevancegb@flickr.com,P@ssword123
589,Michael,Watanabe,cpithergc@clickbank.net,P@ssw0rd1!
590,John,Hernandez,santognazzigd@google.fr,P@ssword123
591,Riko,Brown,nglasscottge@guardian.co.uk,P@ssword123
592,Thomas,Lopez,dbellgf@npr.org,MyP@ssword!
593,Maria,Watanabe,shaugggg@bloglovin.com,P@ssw0rd1!
594,Aoi,Lee,cfilyaevgh@huffingtonpost.com,MyP@ssword!
595,Sofia,Watanabe,rlycettgi@skype.com,P@ssw0rd1!
596,Fernanda,Tanaka,caishgj@unesco.org,S3cur3P@ss!
597,Yuna,Park,arennenbachgk@blogspot.com,MyP@ssword!
598,David,Kim,rmelvillegl@nba.com,MyP@ssword!
599,Diego,Lee,abartosinskigm@gnu.org,S3cur3P@ss!
600,Abigail,Hernandez,mgardenergn@usda.gov,MyP@ssword!
601,Oliver,Martinez,carrango@mashable.com,P@ssw0rd1!
602,Michael,Tanaka,rmcbrydegp@studiopress.com,S3cur3P@ss!
603,Jae-Won,Smith,ephilcottgq@ft.com,MyP@ssword!
604,Abigail,Yamamoto,faddionisiogr@biblegateway.com,P@ssword!
605,Jack,Park,tstlouisgs@hostgator.com,MyP@ssword!
606,Michael,Brown,wmcbratneygt@intel.com,P@ssword!
607,Min-Jae,Park,dgittensgu@bloomberg.com,S3cur3P@ss!
608,Charlotte,Kim,jtarrygv@narod.ru,P@ssword!
609,Mio,Jones,fpurrygw@yolasite.com,P@ssword123
610,Thomas,Yamamoto,vtoynbeegx@yandex.ru,P@ssword!
611,Yuna,Smith,braubenheimgy@wikispaces.com,P@ssword123
612,Juan,Hernandez,apeotzgz@bbc.co.uk,P@ssw0rd1!
613,Fernanda,Lee,fstovoldh0@merriam-webster.com,P@ssword123
614,Fernanda,Garcia,eschollingh1@hexun.com,S3cur3P@ss!
615,Diego,Jones,kphilpotth2@independent.co.uk,P@ssword123
616,Luis,Brown,wzealeh3@desdev.cn,P@ssword!
617,Daniel,Park,khaylockh4@godaddy.com,P@ssw0rd1!
618,Robert,Lee,gjirkah5@homestead.com,P@ssword!
619,Emma,Kim,npittendreighh6@answers.com,P@ssword123
620,Harry,Rodriguez,ehowdenh7@bloglines.com,S3cur3P@ss!
621,Alejandro,Kim,wsnarieh8@nhs.uk,S3cur3P@ss!
622,Sung-Min,Kim,nkisarh9@phpbb.com,P@ssword!
623,Luis,Tanaka,ischermeha@nhs.uk,S3cur3P@ss!
624,Yui,Lopez,dwonghb@plala.or.jp,P@ssw0rd1!
625,Haruka,Lee,ggairdnerhc@nytimes.com,P@ssword!
626,Mariana,Smith,cvedmorehd@foxnews.com,S3cur3P@ss!
627,Min-Jae,Smith,gcattlemullhe@wunderground.com,P@ssw0rd1!
628,Ji-Hyun,Martinez,tbyrdehf@xinhuanet.com,P@ssword!
629,Luis,Suzuki,tstclairhg@youtu.be,P@ssword123
630,Ji-Yeon,Lee,asavegehh@forbes.com,S3cur3P@ss!
631,Yuna,Choi,msabertonhi@macromedia.com,S3cur3P@ss!
632,Charlotte,Park,lstevanihj@github.com,P@ssword!
633,Sakura,Rodriguez,cmarkinghk@salon.com,P@ssword!
634,Riko,Garcia,travelhl@free.fr,P@ssword123
635,Jae-Hyun,Lee,kenoshm@nifty.com,MyP@ssword!
636,Lucy,Lopez,abustonhn@de.vu,P@ssw0rd1!
637,Luis,Garcia,dlordonho@facebook.com,P@ssword!
638,Carlos,Jones,rklaussenhp@naver.com,P@ssw0rd1!
639,Thomas,Kim,werikssonhq@51.la,MyP@ssword!
640,Emma,Lee,btretterhr@ezinearticles.com,MyP@ssword!
641,Daniel,Kim,ddandisonhs@twitter.com,P@ssword!
642,Joseph,Yamamoto,hnuzzettiht@webs.com,P@ssw0rd1!
643,Charlotte,Kim,bdochonhu@example.com,P@ssw0rd1!
644,Charlie,Lee,midalehv@canalblog.com,P@ssword123
645,Fernanda,Park,droughleyhw@umn.edu,MyP@ssword!
646,Charlie,Tanaka,ekoppeckhx@businesswire.com,P@ssword!
647,Olivia,Park,hknivetthy@forbes.com,S3cur3P@ss!
648,Yuna,Kim,fbesthz@nhs.uk,MyP@ssword!
649,John,Choi,mgrunnelli0@sohu.com,P@ssw0rd1!
650,Megan,Watanabe,kyerringtoni1@digg.com,P@ssw0rd1!
651,Michael,Jones,fvowellsi2@uiuc.edu,P@ssw0rd1!
652,Diego,Watanabe,mmosdalli3@simplemachines.org,MyP@ssword!
653,Joseph,Smith,ebusheni4@yellowpages.com,MyP@ssword!
654,Thomas,Garcia,kcocheri5@ovh.net,P@ssword123
655,Sora,Tanaka,arosendorfi6@huffingtonpost.com,P@ssword123
656,Mariana,Kim,cokinneallyi7@google.fr,P@ssw0rd1!
657,Diego,Jones,abarliei8@drupal.org,P@ssword!
658,Sophie,Choi,amatzkaitisi9@barnesandnoble.com,P@ssword!
659,Alejandro,Kim,yclendeningia@psu.edu,P@ssword!
660,Michael,Lopez,emanleyib@chicagotribune.com,P@ssword123
661,Oliver,Tanaka,omccormackic@bbb.org,MyP@ssword!
662,Abigail,Jones,rwisedaleid@bbb.org,P@ssw0rd1!
663,Mariana,Martinez,jhenfreie@jiathis.com,P@ssword123
664,Thomas,Kim,pmarusyakif@amazonaws.com,S3cur3P@ss!
665,Charlotte,Watanabe,ltoxellig@dailymail.co.uk,P@ssword123
666,Hannah,Tanaka,gvannerih@omniture.com,P@ssword123
667,Amelia,Kim,pguerinii@unicef.org,MyP@ssword!
668,Robert,Watanabe,ghanstockij@irs.gov,P@ssword123
669,Daniel,Watanabe,svarvellik@imgur.com,P@ssword!
670,James,Garcia,rmckintyil@amazon.com,P@ssword123
671,Sakura,Lee,hvanniim@so-net.ne.jp,P@ssword!
672,Daniel,Garcia,creddingin@theguardian.com,P@ssw0rd1!
673,Amelia,Kim,lvainio@addtoany.com,P@ssword!
674,William,Martinez,pengelmannip@yelp.com,S3cur3P@ss!
675,Emma,Jones,mmapotheriq@cbc.ca,P@ssw0rd1!
676,Carlos,Garcia,ldwellyir@bloglines.com,P@ssw0rd1!
677,Joseph,Brown,hsalmondis@free.fr,MyP@ssword!
678,Abigail,Park,jcreganit@who.int,MyP@ssword!
679,Oliver,Brown,kcampbelldunlopiu@rediff.com,S3cur3P@ss!
680,William,Choi,agalletlyiv@deviantart.com,P@ssword!
681,Sora,Lopez,ldechelleiw@bing.com,P@ssword!
682,Lucy,Brown,gfogtix@aol.com,MyP@ssword!
683,Jorge,Williams,tpoupardiy@studiopress.com,P@ssword123
684,Carlos,Watanabe,alemarchantiz@ucsd.edu,P@ssword!
685,Luis,Kim,asansj0@sitemeter.com,P@ssword!
686,Charlotte,Rodriguez,kglauberj1@dion.ne.jp,P@ssword123
687,Lauren,Williams,ehartlyj2@alibaba.com,S3cur3P@ss!
688,Hina,Park,hborthej3@shutterfly.com,S3cur3P@ss!
689,Isabella,Kim,cloudenj4@theatlantic.com,P@ssword!
690,Sarah,Lopez,elenahanj5@unblog.fr,P@ssword!
691,Thomas,Johnson,bcudmorej6@webmd.com,P@ssword123
692,Alejandro,Lee,etattersillj7@altervista.org,P@ssw0rd1!
693,Jessica,Lee,soaklandj8@yolasite.com,P@ssw0rd1!
694,Megan,Kim,agoutj9@weather.com,P@ssword!
695,Mariana,Garcia,dmacleeseja@merriam-webster.com,S3cur3P@ss!
696,Chloe,Williams,rvinnicombejb@fastcompany.com,P@ssw0rd1!
697,Michael,Smith,bmcsauljc@edublogs.org,P@ssword123
698,Charlotte,Watanabe,ctumultyjd@scribd.com,MyP@ssword!
699,Michael,Lee,lbootherje@yandex.ru,P@ssw0rd1!
700,Daniel,Suzuki,ibyfieldjf@purevolume.com,S3cur3P@ss!
701,Sarah,Lopez,mellesworthjg@bbc.co.uk,MyP@ssword!
702,Abigail,Brown,cdewarjh@google.com.br,S3cur3P@ss!
703,Alejandro,Suzuki,trizzielloji@cyberchimps.com,S3cur3P@ss!
704,Hannah,Yamamoto,bleathartjj@mayoclinic.com,P@ssword123
705,Ji-Hyun,Johnson,gclyantjk@google.co.uk,P@ssword123
706,Isabella,Lopez,jmcpeicejl@amazon.co.jp,P@ssword123
707,Ji-Soo,Williams,rthomsjm@salon.com,P@ssword!
708,Min-Jae,Choi,ehoovartjn@nationalgeographic.com,P@ssword!
709,Hannah,Suzuki,akasperjo@cdc.gov,MyP@ssword!
710,Oliver,Yamamoto,lgannonjp@cnn.com,S3cur3P@ss!
711,Alejandro,Suzuki,dchienejq@macromedia.com,P@ssw0rd1!
712,Ethan,Williams,fhardwidgejr@bluehost.com,P@ssword!
713,Abigail,Tanaka,ephillimorejs@mozilla.org,S3cur3P@ss!
714,John,Suzuki,kbenediktjt@slate.com,P@ssword123
715,Ashley,Hernandez,jhanneyju@illinois.edu,P@ssw0rd1!
716,Diego,Kim,klinneyjv@state.tx.us,P@ssw0rd1!
717,William,Williams,clowlessjw@twitpic.com,P@ssw0rd1!
718,Harry,Tanaka,jduhamjx@yahoo.com,S3cur3P@ss!
719,William,Williams,ztixalljy@nhs.uk,S3cur3P@ss!
720,Michael,Smith,fhildredjz@time.com,S3cur3P@ss!
721,Ethan,Garcia,dgoudardk0@theglobeandmail.com,MyP@ssword!
722,Juan,Lee,jbaggallyk1@amazon.com,S3cur3P@ss!
723,Oliver,Suzuki,lgwilliamsk2@naver.com,P@ssword!
724,Ji-Soo,Brown,dshaddickk3@yelp.com,P@ssword!
725,Jae-Hyun,Hernandez,yharnesk4@youtube.com,P@ssword!
726,Carlos,Yamamoto,oeassomk5@thetimes.co.uk,P@ssword!
727,Sarah,Suzuki,agrederk6@google.it,P@ssw0rd1!
728,Ashley,Garcia,bsimmk7@discovery.com,S3cur3P@ss!
729,Juan,Yamamoto,nibertk8@apple.com,P@ssword123
730,Thomas,Park,balvark9@godaddy.com,MyP@ssword!
731,Jack,Watanabe,jbottingka@seesaa.net,MyP@ssword!
732,Isabella,Park,cpessoltkb@cmu.edu,S3cur3P@ss!
733,Jessica,Brown,gtilneykc@ucla.edu,S3cur3P@ss!
734,Ethan,Williams,mhundellkd@simplemachines.org,P@ssword123
735,Yuna,Kim,gboutwellke@seattletimes.com,S3cur3P@ss!
736,Mio,Lopez,ogioanikf@amazon.co.jp,S3cur3P@ss!
737,William,Yamamoto,acharltonkg@wufoo.com,S3cur3P@ss!
738,Sora,Hernandez,wmapledorumkh@economist.com,P@ssw0rd1!
739,Haruka,Choi,eboldersonki@bluehost.com,S3cur3P@ss!
740,Sakura,Lee,smulvennakj@istockphoto.com,MyP@ssword!
741,Ji-Hyun,Kim,dbrumfieldkk@cdc.gov,P@ssword123
742,Mariana,Lee,chankinskl@umn.edu,S3cur3P@ss!
743,Amelia,Brown,pmarczykkm@samsung.com,P@ssword123
744,Yuna,Lee,csearbykn@printfriendly.com,MyP@ssword!
745,Charlie,Park,mfilasovko@t-online.de,MyP@ssword!
746,Maria,Garcia,lrossikp@wp.com,MyP@ssword!
747,Oliver,Lee,amcgannonkq@bloomberg.com,MyP@ssword!
748,Chloe,Choi,bmckechniekr@china.com.cn,MyP@ssword!
749,Sofia,Smith,glaundonks@auda.org.au,MyP@ssword!
750,Ji-Yeon,Watanabe,wbrixeykt@time.com,MyP@ssword!
751,Oliver,Smith,dmacilraithku@mayoclinic.com,P@ssword!
752,Sofia,Brown,rgookkv@lulu.com,P@ssword123
753,Ji-Yeon,Hernandez,shartfieldkw@psu.edu,MyP@ssword!
754,Jorge,Kim,bokeeffekx@tinyurl.com,P@ssword!
755,Amelia,Yamamoto,saldrenky@accuweather.com,P@ssword123
756,William,Lee,acrumleykz@comcast.net,S3cur3P@ss!
757,Charlie,Brown,mpiesingl0@accuweather.com,P@ssw0rd1!
758,Sakura,Hernandez,mmatzkel1@paypal.com,P@ssw0rd1!
759,Hannah,Park,llysaghtl2@opera.com,P@ssw0rd1!
760,William,Garcia,varnkel3@accuweather.com,S3cur3P@ss!
761,Ashley,Park,ehoovartl4@storify.com,P@ssw0rd1!
762,Riko,Lee,rbabalolal5@amazon.co.jp,P@ssword!
763,Jack,Watanabe,dguidellil6@goo.gl,P@ssword123
764,Riko,Kim,kskokoel7@state.tx.us,P@ssw0rd1!
765,Emily,Lee,fshakesbyel8@netlog.com,MyP@ssword!
766,Mio,Martinez,emucklol9@booking.com,P@ssword123
767,Ethan,Kim,isevernla@earthlink.net,P@ssword123
768,Jae-Won,Williams,sjudkinslb@yellowpages.com,P@ssw0rd1!
769,William,Kim,tpykelc@seattletimes.com,P@ssw0rd1!
770,Isabella,Suzuki,lwinghamld@yolasite.com,P@ssword123
771,Sora,Lee,corpinle@alibaba.com,P@ssw0rd1!
772,Fernanda,Rodriguez,kskeenlf@statcounter.com,MyP@ssword!
773,David,Williams,wplumbridgelg@devhub.com,P@ssw0rd1!
774,Sung-Min,Yamamoto,amirfinlh@wufoo.com,MyP@ssword!
775,Luis,Park,emcnishli@weebly.com,MyP@ssword!
776,Lucy,Smith,acapaldilj@bbc.co.uk,MyP@ssword!
777,Sarah,Johnson,ksaicelk@unc.edu,P@ssword!
778,Fernanda,Smith,dcawoodll@studiopress.com,P@ssw0rd1!
779,Sarah,Tanaka,hkopkelm@ftc.gov,MyP@ssword!
780,Yui,Choi,worhrtln@icio.us,P@ssword!
781,Mariana,Tanaka,ntonepohllo@noaa.gov,P@ssword!
782,Hannah,Lee,lantoniaklp@networksolutions.com,P@ssword!
783,Yuna,Garcia,tguerinlq@etsy.com,P@ssw0rd1!
784,Amelia,Choi,kfargielr@mashable.com,MyP@ssword!
785,Yui,Smith,gtunstallls@sciencedaily.com,P@ssw0rd1!
786,Soo-Jin,Jones,rstudartlt@dion.ne.jp,P@ssw0rd1!
787,Robert,Kim,ocoatsworthlu@bigcartel.com,P@ssw0rd1!
788,Jessica,Rodriguez,scraighilllv@yandex.ru,P@ssw0rd1!
789,Joseph,Garcia,ablackfordlw@hexun.com,P@ssword123
790,Chloe,Lee,pvennartlx@wordpress.com,P@ssword!
791,Yui,Williams,mpennuzzily@qq.com,MyP@ssword!
792,Jorge,Brown,thutcheonlz@list-manage.com,P@ssw0rd1!
793,Ji-Soo,Rodriguez,adoym0@pen.io,P@ssword!
794,Megan,Jones,jlethlaym1@t-online.de,P@ssword!
795,Yuna,Park,lfarnesm2@go.com,P@ssw0rd1!
796,Yuna,Jones,eleesonm3@github.com,P@ssword!
797,Yuna,Watanabe,sfriedm4@trellian.com,S3cur3P@ss!
798,Lucy,Rodriguez,krigardm5@cyberchimps.com,P@ssword123
799,Jae-Hyun,Choi,bpearseym6@mozilla.com,MyP@ssword!
800,Thomas,Watanabe,mactonm7@howstuffworks.com,MyP@ssword!
801,Olivia,Martinez,farkleym8@w3.org,S3cur3P@ss!
802,Fernanda,Garcia,agisbornem9@ft.com,S3cur3P@ss!
803,Jae-Won,Hernandez,chollyardma@answers.com,P@ssw0rd1!
804,Jack,Lopez,mboudamb@samsung.com,P@ssword!
805,Hannah,Lopez,tgoodhewmc@xing.com,P@ssw0rd1!
806,Ashley,Lee,bkleismd@google.fr,P@ssword123
807,Emily,Kim,lboageyme@opensource.org,S3cur3P@ss!
808,Alejandro,Lee,cbjerkanmf@drupal.org,MyP@ssword!
809,Jae-Hyun,Williams,rmaccumeskeymg@acquirethisname.com,P@ssword!
810,Sora,Garcia,icrudgintonmh@photobucket.com,S3cur3P@ss!
811,Haruka,Suzuki,jwinnymi@woothemes.com,P@ssword123
812,John,Choi,bfinesmj@ibm.com,P@ssword123
813,Emma,Yamamoto,asyresmk@sun.com,S3cur3P@ss!
814,Jorge,Suzuki,gduffieldml@mapy.cz,MyP@ssword!
815,Ethan,Brown,saickenmm@ibm.com,P@ssword123
816,Riko,Kim,sfirbymn@odnoklassniki.ru,P@ssword!
817,Jae-Hyun,Lee,ffoshermo@hc360.com,P@ssword!
818,Jessica,Lee,somanmp@so-net.ne.jp,P@ssw0rd1!
819,Madison,Lee,agrahlmq@cdbaby.com,MyP@ssword!
820,Michael,Kim,alewinmr@hostgator.com,P@ssword!
821,Jessica,Hernandez,ztravesms@examiner.com,P@ssword123
822,Joseph,Park,tfitzsimonmt@washingtonpost.com,P@ssword!
823,Michael,Williams,pslimmonmu@gmpg.org,P@ssw0rd1!
824,David,Rodriguez,posheamv@spotify.com,S3cur3P@ss!
825,Sarah,Suzuki,kclamomw@ebay.co.uk,S3cur3P@ss!
826,John,Williams,acolebymx@hugedomains.com,P@ssword!
827,Haruka,Lopez,cedesmy@princeton.edu,P@ssword!
828,Riko,Kim,kmacconnellmz@upenn.edu,P@ssword!
829,Alejandro,Watanabe,tberntssenn0@surveymonkey.com,MyP@ssword!
830,Soo-Jin,Choi,oemanueln1@purevolume.com,P@ssword!
831,Mariana,Lee,eandriollin2@flickr.com,MyP@ssword!
832,Jae-Hyun,Choi,aallansn3@liveinternet.ru,P@ssw0rd1!
833,Michael,Kim,jhaffendenn4@hexun.com,P@ssword123
834,Abigail,Rodriguez,gbasinigazzin5@howstuffworks.com,P@ssword123
835,Madison,Kim,rmadrelln6@comcast.net,P@ssword!
836,Mio,Garcia,aklostermann7@senate.gov,MyP@ssword!
837,Jae-Hyun,Garcia,tcrepinn8@sbwire.com,S3cur3P@ss!
838,Jae-Hyun,Johnson,hkoberan9@friendfeed.com,P@ssw0rd1!
839,Jorge,Hernandez,msnassellna@theatlantic.com,P@ssword!
840,Juan,Rodriguez,jmartinanb@latimes.com,S3cur3P@ss!
841,Yuna,Martinez,amynottnc@csmonitor.com,S3cur3P@ss!
842,Jack,Suzuki,lwalmsleynd@rakuten.co.jp,P@ssw0rd1!
843,Hannah,Brown,gklezmskine@homestead.com,MyP@ssword!
844,Ji-Hyun,Lee,msamplenf@bandcamp.com,S3cur3P@ss!
845,Sung-Min,Martinez,hsplavenng@dmoz.org,P@ssw0rd1!
846,Riko,Hernandez,gdaveleynh@jimdo.com,P@ssw0rd1!
847,Carlos,Rodriguez,tdietzni@meetup.com,P@ssword123
848,Daniel,Smith,okingsmannj@dailymail.co.uk,P@ssw0rd1!
849,Megan,Lee,rcuvleynk@photobucket.com,S3cur3P@ss!
850,Ji-Yeon,Suzuki,asketchnl@usa.gov,S3cur3P@ss!
851,Ethan,Martinez,lcarbettnm@addtoany.com,S3cur3P@ss!
852,Lauren,Brown,wkilligrewnn@mozilla.org,MyP@ssword!
853,Jae-Hyun,Yamamoto,ufortenno@usa.gov,S3cur3P@ss!
854,Michael,Suzuki,tjarrittnp@google.com,P@ssword123
855,Hina,Martinez,eshaperanq@stumbleupon.com,S3cur3P@ss!
856,Ethan,Suzuki,pdenisonnr@chron.com,S3cur3P@ss!
857,Michael,Hernandez,tvangeffenns@last.fm,P@ssword123
858,Emma,Kim,jberkowitznt@tinypic.com,S3cur3P@ss!
859,Riko,Rodriguez,jcurstonnu@ibm.com,S3cur3P@ss!
860,Olivia,Rodriguez,eemmanv@webmd.com,P@ssw0rd1!
861,Jae-Hyun,Smith,lhallumsnw@toplist.cz,P@ssword123
862,William,Johnson,iliveingnx@github.io,P@ssw0rd1!
863,Alejandro,Watanabe,rdrinkelny@ihg.com,P@ssword123
864,Sakura,Garcia,dwinpennynz@spotify.com,P@ssword123
865,Emily,Brown,acrouxo0@smugmug.com,P@ssword123
866,Grace,Garcia,rratnegeo1@bandcamp.com,P@ssw0rd1!
867,Diego,Martinez,eleathwoodo2@bbb.org,S3cur3P@ss!
868,Harry,Suzuki,lbrouardo3@ovh.net,P@ssw0rd1!
869,William,Kim,ebartzeno4@jigsy.com,MyP@ssword!
870,Sarah,Watanabe,schiccoo5@tripadvisor.com,S3cur3P@ss!
871,Joseph,Martinez,mstartino6@sbwire.com,MyP@ssword!
872,Yuna,Watanabe,cpasko7@state.tx.us,MyP@ssword!
873,Ji-Yeon,Lopez,ltremeero8@mysql.com,P@ssword!
874,Diego,Kim,hfiggeo9@photobucket.com,P@ssword123
875,Isabella,Choi,lpickoveroa@reddit.com,MyP@ssword!
876,Luis,Lopez,pminnetteob@harvard.edu,P@ssword123
877,Jessica,Tanaka,sselwinoc@qq.com,S3cur3P@ss!
878,Ji-Yeon,Hernandez,jlovegroveod@unesco.org,P@ssword!
879,Emily,Williams,pexleyoe@umn.edu,P@ssword123
880,Megan,Smith,sdudinof@netscape.com,S3cur3P@ss!
881,Sophie,Lee,hgogginog@house.gov,S3cur3P@ss!
882,Soo-Jin,Kim,sbaisonoh@dailymotion.com,P@ssw0rd1!
883,Haruka,Lee,kfoldoi@twitter.com,S3cur3P@ss!
884,Yuna,Johnson,hbacksonoj@wix.com,P@ssword!
885,Ji-Soo,Martinez,dshuttok@psu.edu,MyP@ssword!
886,Jae-Hyun,Hernandez,dfardonol@so-net.ne.jp,P@ssword!
887,Sora,Suzuki,bblundellom@usatoday.com,P@ssword!
888,Chloe,Kim,jroncaon@wordpress.com,P@ssword!
889,Ji-Yeon,Jones,goldfieldoo@bloglovin.com,MyP@ssword!
890,Sofia,Kim,fclaeskensop@yahoo.co.jp,P@ssword!
891,Chloe,Garcia,lmuelleroq@washingtonpost.com,P@ssword123
892,Emily,Jones,lcompsonor@microsoft.com,P@ssword123
893,Emma,Kim,jpleumanos@godaddy.com,P@ssword!
894,Yuna,Williams,loretot@com.com,P@ssword!
895,Michael,Kim,strueou@jiathis.com,S3cur3P@ss!
896,Robert,Park,cblondinov@hao123.com,P@ssw0rd1!
897,Mio,Lopez,rsteinorow@opera.com,MyP@ssword!
898,Fernanda,Kim,gilymanovox@tuttocitta.it,S3cur3P@ss!
899,Madison,Johnson,kfaringtonoy@etsy.com,MyP@ssword!
900,Yui,Park,ohamblinoz@loc.gov,MyP@ssword!
901,Ethan,Kim,scussp0@vk.com,P@ssword!
902,Sarah,Choi,alacottep1@cnbc.com,P@ssw0rd1!
903,Harry,Tanaka,lwhatlingp2@cnet.com,P@ssw0rd1!
904,Megan,Suzuki,jselburnp3@epa.gov,S3cur3P@ss!
905,Sung-Min,Brown,lgodbertp4@prweb.com,S3cur3P@ss!
906,Michael,Johnson,ttonksp5@hugedomains.com,S3cur3P@ss!
907,Yuna,Johnson,tmaccomiskeyp6@auda.org.au,P@ssword!
908,Min-Jae,Brown,wdigginsp7@shutterfly.com,MyP@ssword!
909,Diego,Watanabe,kbetancourtp8@mysql.com,S3cur3P@ss!
910,David,Smith,malpinp9@bloomberg.com,P@ssword!
911,Riko,Kim,lsomersettpa@goo.gl,S3cur3P@ss!
912,Amelia,Yamamoto,emeardonpb@earthlink.net,MyP@ssword!
913,Yuna,Watanabe,ncecchetellipc@google.pl,MyP@ssword!
914,Lucy,Rodriguez,dcustancepd@spotify.com,S3cur3P@ss!
915,Robert,Suzuki,bwhitmanpe@paginegialle.it,MyP@ssword!
916,Soo-Jin,Park,ebarrackspf@livejournal.com,MyP@ssword!
917,Emma,Choi,edodingpg@unesco.org,MyP@ssword!
918,Jorge,Kim,nthomsenph@wisc.edu,P@ssw0rd1!
919,William,Garcia,kvellapi@slate.com,P@ssword!
920,Isabella,Kim,epannettpj@pinterest.com,P@ssword!
921,Yuna,Lee,bbeapk@google.co.uk,MyP@ssword!
922,William,Lee,wmarwickpl@wikia.com,S3cur3P@ss!
923,Michael,Rodriguez,mhackingepm@mapy.cz,MyP@ssword!
924,Michael,Choi,lwaszczykowskipn@icq.com,MyP@ssword!
925,Sarah,Hernandez,gpotespo@newsvine.com,P@ssword!
926,Sofia,Williams,bdeampp@timesonline.co.uk,P@ssword!
927,Isabella,Williams,ttilleypq@latimes.com,S3cur3P@ss!
928,Carlos,Kim,sedgerleypr@vk.com,MyP@ssword!
929,William,Lopez,crobartsps@umich.edu,S3cur3P@ss!
930,Ji-Soo,Brown,evarvarapt@homestead.com,P@ssw0rd1!
931,Robert,Hernandez,rcreffieldpu@smh.com.au,P@ssword123
932,Yuna,Lee,mrubinivitzpv@google.nl,P@ssword!
933,Juan,Martinez,wransteadpw@ifeng.com,P@ssword!
934,Oliver,Martinez,ngorghettopx@vinaora.com,S3cur3P@ss!
935,Sofia,Garcia,eprewerpy@free.fr,P@ssw0rd1!
936,Robert,Lee,jtaklepz@ihg.com,P@ssw0rd1!
937,Haruka,Jones,rkeartonq0@netvibes.com,P@ssword!
938,Thomas,Lopez,abertelmotq1@yellowpages.com,S3cur3P@ss!
939,Grace,Rodriguez,emattiaq2@shutterfly.com,P@ssword123
940,Emily,Tanaka,gscroggesq3@bigcartel.com,P@ssw0rd1!
941,Haruka,Johnson,rcoldicottq4@mysql.com,P@ssword!
942,Mariana,Jones,cnertneyq5@youku.com,S3cur3P@ss!
943,Sora,Kim,vcammomileq6@google.co.uk,P@ssword123
944,Charlotte,Choi,kcampbelldunlopq7@surveymonkey.com,P@ssword!
945,Sarah,Rodriguez,lrapportq8@prweb.com,P@ssword!
946,Grace,Smith,edykesq9@usa.gov,P@ssword!
947,Fernanda,Lopez,mmchargqa@youku.com,P@ssword!
948,Sung-Min,Martinez,msweeneyqb@businessweek.com,P@ssw0rd1!
949,Chloe,Brown,rharwoodqc@flickr.com,P@ssword!
950,Ji-Yeon,Garcia,nruggierqd@blogger.com,P@ssword123
951,Sora,Brown,mbourcqqe@zdnet.com,MyP@ssword!
952,Sarah,Jones,bbuteqf@rambler.ru,P@ssword123
953,Sung-Min,Yamamoto,bberndsenqg@wunderground.com,MyP@ssword!
954,Fernanda,Johnson,mbodemeaidqh@spotify.com,MyP@ssword!
955,Lucy,Kim,rroundingqi@dagondesign.com,MyP@ssword!
956,Sophie,Rodriguez,amorrillyqj@oracle.com,P@ssw0rd1!
957,Jae-Hyun,Hernandez,fcousansqk@drupal.org,P@ssword!
958,Jessica,Garcia,tguillouql@constantcontact.com,P@ssword!
959,Amelia,Lopez,rbrennonqm@booking.com,P@ssword123
960,Chloe,Yamamoto,eivanchikovqn@jimdo.com,S3cur3P@ss!
961,James,Suzuki,ncoppinsqo@tripod.com,P@ssword123
962,Charlie,Williams,amagnerqp@phpbb.com,P@ssw0rd1!
963,Sofia,Brown,kwandsqq@thetimes.co.uk,S3cur3P@ss!
964,Ashley,Johnson,gkuresqr@furl.net,P@ssword123
965,Abigail,Watanabe,dcuttelarqs@angelfire.com,P@ssw0rd1!
966,Juan,Martinez,mraubenheimqt@artisteer.com,P@ssw0rd1!
967,Thomas,Choi,lamorinequ@joomla.org,P@ssw0rd1!
968,Charlotte,Williams,gduboseqv@bigcartel.com,P@ssword123
969,Charlotte,Williams,lskuceqw@jiathis.com,P@ssword123
970,Yuna,Tanaka,ghallumsqx@yahoo.co.jp,P@ssword!
971,Lauren,Williams,adellenbrokqy@foxnews.com,S3cur3P@ss!
972,Oliver,Watanabe,mrubinowitschqz@engadget.com,S3cur3P@ss!
973,Madison,Tanaka,gpaolaccir0@hc360.com,S3cur3P@ss!
974,Michael,Martinez,ahansterr1@virginia.edu,P@ssword123
975,Ashley,Hernandez,bharnesr2@wired.com,P@ssword!
976,Emma,Park,kknappettr3@rambler.ru,P@ssword123
977,Sakura,Choi,jschoolcroftr4@com.com,MyP@ssword!
978,William,Park,mgaffonr5@blinklist.com,MyP@ssword!
979,Jack,Kim,doglesbeer6@theglobeandmail.com,P@ssword!
980,Hina,Williams,ayurocjkinr7@bravesites.com,P@ssw0rd1!
981,Jae-Hyun,Smith,cjacklingsr8@com.com,S3cur3P@ss!
982,Charlie,Tanaka,kmellodeyr9@angelfire.com,S3cur3P@ss!
983,Isabella,Rodriguez,ghiscocksra@discovery.com,P@ssword!
984,Jae-Hyun,Rodriguez,tgasnellrb@chicagotribune.com,MyP@ssword!
985,Ashley,Lee,redmundsrc@economist.com,P@ssw0rd1!
986,Sora,Suzuki,svarvarard@bing.com,P@ssword123
987,Yuna,Martinez,gjeeksre@sakura.ne.jp,P@ssw0rd1!
988,Ashley,Johnson,mtitchenrf@netscape.com,P@ssw0rd1!
989,Emily,Rodriguez,tdisneyrg@ed.gov,P@ssword123
990,Soo-Jin,Smith,acindereyrh@instagram.com,MyP@ssword!
991,Diego,Hernandez,ypoundsri@delicious.com,MyP@ssword!
992,Sophie,Williams,ccrathornerj@oaic.gov.au,MyP@ssword!
993,Ji-Soo,Choi,gsawneyrk@mtv.com,S3cur3P@ss!
994,Amelia,Williams,ahullotrl@webs.com,P@ssw0rd1!
995,Yuna,Choi,vdymidowskirm@delicious.com,P@ssword123
996,Jae-Hyun,Johnson,nmcreedyrn@icq.com,MyP@ssword!
997,Jae-Won,Kim,bschimkero@ucoz.com,P@ssw0rd1!
998,Daniel,Watanabe,kdoyrp@irs.gov,MyP@ssword!
999,Jessica,Lee,bdieganrq@narod.ru,P@ssw0rd1!
1000,Soo-Jin,Lopez,apicklessrr@irs.gov,P@ssw0rd1!